farmer_ID,treat2
F_1,T1T1
F_10,CT2
F_100,T2C
F_1000,CT1
F_1001,CC
F_1002,T2T2
F_1003,CC
F_1004,T2T2
F_1005,T2T2
F_1006,T1T1
F_1007,CT2
F_1008,CT2
F_1009,T2T2
F_101,T1T1
F_1010,T1T1
F_1011,CC
F_1012,CT1
F_1013,T1T1
F_1014,CT1
F_1015,T1C
F_1016,T2T2
F_1017,T1C
F_1018,CC
F_1019,T2C
F_102,CT2
F_1020,T1C
F_1021,CT2
F_1022,CT1
F_1023,T1T1
F_1024,CC
F_1025,T2T2
F_1026,T2C
F_1027,CC
F_1028,CC
F_1029,T1C
F_103,T1T1
F_1030,T1C
F_1031,T1T1
F_1032,T2T2
F_1033,T2T2
F_1034,T1C
F_1035,T2C
F_1036,T2C
F_1037,T2C
F_1039,T1T1
F_104,CT1
F_1040,CC
F_1041,CT1
F_1042,CT2
F_1043,T1T1
F_1044,CT2
F_1045,CT1
F_1046,CC
F_1047,CT2
F_1048,CT1
F_1049,CT2
F_105,CT2
F_1050,T1C
F_1051,T1T1
F_1052,T1T1
F_1053,T2T2
F_1054,CT1
F_1055,T2C
F_1056,T2T2
F_1057,T1C
F_1058,T1T1
F_1059,T1C
F_106,CC
F_1060,CT1
F_1061,T2C
F_1062,T2T2
F_1063,T2C
F_1064,T2T2
F_1065,CT1
F_1066,CC
F_1067,T1C
F_1068,T2T2
F_1069,CC
F_107,T1C
F_1070,CC
F_1071,T1C
F_1072,CC
F_1073,CT2
F_1074,T1T1
F_1075,T1T1
F_1076,CC
F_1077,CT1
F_1078,T1T1
F_1079,T1T1
F_108,CT2
F_1080,T2T2
F_1081,CC
F_1082,CT2
F_1083,T2C
F_1084,CT2
F_1085,CT1
F_1086,CC
F_1087,T1T1
F_1088,CT2
F_1089,CT2
F_109,T2C
F_1090,CT1
F_1091,CT2
F_1092,T2T2
F_1093,T2T2
F_1094,T2T2
F_1095,T2C
F_1096,T2T2
F_1097,T2T2
F_1098,T1C
F_1099,T2C
F_11,CC
F_1100,CC
F_1101,T1C
F_1102,CT1
F_1103,T2C
F_1104,T1T1
F_1105,T2C
F_1106,CC
F_1107,T1T1
F_1108,T1T1
F_1109,CC
F_111,T2T2
F_1110,CC
F_1111,CT1
F_1112,T1C
F_1113,T1T1
F_1114,CT1
F_1115,T1C
F_1116,CT2
F_1117,CC
F_1118,T1T1
F_1119,T1C
F_112,T2C
F_1120,T2C
F_1121,CT1
F_1122,CT2
F_1123,T1T1
F_1124,T2T2
F_1125,T1T1
F_1126,T2C
F_1127,CT1
F_1128,T1T1
F_1129,T1C
F_113,T2C
F_1130,CC
F_1131,T2T2
F_1132,T2C
F_1133,CC
F_1134,T1C
F_1135,CT2
F_1136,T2T2
F_1137,T1C
F_1138,CT2
F_1139,CT1
F_114,CC
F_1140,T2T2
F_1141,CT1
F_1142,T2C
F_1143,T1T1
F_1144,CC
F_1145,CT2
F_1146,T2T2
F_1147,CC
F_1148,T2C
F_1149,T1T1
F_115,CT1
F_1150,CT2
F_1151,CT2
F_1152,CC
F_1153,T2C
F_1154,CC
F_1155,CT1
F_1156,T2T2
F_1157,T2T2
F_1158,T1T1
F_1159,CC
F_116,T2T2
F_1160,CT1
F_1161,CT1
F_1162,CC
F_1163,T2T2
F_1164,T2C
F_1165,T1T1
F_1166,CC
F_1167,CT2
F_1168,T1C
F_1169,CT1
F_117,T2T2
F_1170,T2T2
F_1171,T1C
F_1172,T2C
F_1173,T1C
F_1174,T2T2
F_1175,T1C
F_1176,T1T1
F_1177,T1T1
F_1178,CT2
F_1179,CT2
F_1180,T2C
F_1181,CT2
F_1182,T1C
F_1183,T1C
F_1184,T2C
F_1185,CT1
F_1186,T2T2
F_1187,CC
F_1188,CT2
F_1189,CT1
F_119,CC
F_1190,CC
F_1192,CC
F_1193,CC
F_1194,T1T1
F_1195,T1T1
F_1196,T1C
F_1197,CT1
F_1198,T2T2
F_1199,T1C
F_12,CC
F_120,T2T2
F_1200,T2T2
F_1201,T2C
F_1202,CC
F_1203,T2C
F_1204,T2T2
F_1205,CT2
F_1206,T2T2
F_1207,CT1
F_1208,T1T1
F_1209,T1T1
F_121,CT1
F_1210,T1T1
F_1211,T2C
F_1212,T1T1
F_1213,T2C
F_1214,T1T1
F_1215,CT1
F_1216,T2C
F_1217,CC
F_1218,CC
F_1219,T2T2
F_122,T1T1
F_1220,CC
F_1221,T1T1
F_1222,CT1
F_1223,T1C
F_1224,CT2
F_1226,CC
F_1227,T1C
F_1229,CT1
F_123,CT2
F_1230,T2T2
F_1231,T1T1
F_1232,T1C
F_1233,CC
F_1234,CT2
F_1235,T1C
F_1236,T2T2
F_1237,CC
F_1238,CT2
F_1239,T2C
F_124,CC
F_1240,T2T2
F_1241,CT1
F_1242,CT1
F_1243,T1T1
F_1244,T2T2
F_1245,T2T2
F_1246,T1T1
F_1247,T2C
F_1248,T1T1
F_1249,T2C
F_125,CT1
F_1250,CC
F_1251,T1C
F_1252,T2T2
F_1253,T1C
F_1254,CC
F_1255,T1T1
F_1256,CC
F_1257,CT2
F_1258,CC
F_1259,CT2
F_126,T1T1
F_1260,T2T2
F_1261,CT1
F_1262,T2C
F_1263,T2T2
F_1264,CT2
F_1265,T1C
F_1266,CC
F_1267,T1T1
F_1268,CT2
F_1269,T2C
F_127,T1T1
F_1270,CT1
F_1271,T1C
F_1272,T1C
F_1273,CT1
F_1274,CC
F_1275,T2T2
F_1276,CT2
F_1277,T1C
F_1278,CC
F_1279,T2T2
F_128,CC
F_1280,CT2
F_1281,T2C
F_1282,CT1
F_1283,T1C
F_1284,T1C
F_1285,T2C
F_1286,T1T1
F_1287,CC
F_1288,T1T1
F_1289,T2T2
F_129,T2C
F_1290,T1T1
F_1291,CT1
F_1292,CT2
F_1293,CC
F_1294,CT2
F_1295,T2C
F_1296,T2T2
F_1297,CT1
F_1298,T2C
F_1299,T1T1
F_13,T2C
F_130,T2T2
F_1300,T2T2
F_1301,T1T1
F_1302,CC
F_1303,CT1
F_1304,CT1
F_1305,T1C
F_1306,CC
F_1307,T2C
F_1308,CT1
F_1309,T1T1
F_131,T2C
F_1310,CT2
F_1311,CT2
F_1312,T2T2
F_1313,T2T2
F_1314,T2C
F_1315,T1C
F_1316,T1C
F_1317,CT2
F_1318,T1T1
F_1319,CC
F_132,T1C
F_1320,T1T1
F_1321,T2T2
F_1322,T2T2
F_1323,T2C
F_1324,T2T2
F_1325,T1T1
F_1326,CC
F_1327,T2C
F_1328,CT1
F_1329,CC
F_133,T2C
F_1330,CT2
F_1331,T1C
F_1332,T1T1
F_1333,CC
F_1334,CC
F_1335,CC
F_1336,T1C
F_1337,CT1
F_1338,T1T1
F_1339,T1T1
F_134,CC
F_1340,T1C
F_1341,T1T1
F_1342,T2T2
F_1343,T1C
F_1344,T1C
F_1345,T1T1
F_1346,T2T2
F_1347,CC
F_1348,T1T1
F_1349,T2C
F_135,CT1
F_1350,T2T2
F_1351,T2T2
F_1352,T2C
F_1353,CT1
F_1354,T2C
F_1355,CT2
F_1356,T2C
F_1357,CC
F_1358,CT2
F_1359,CT1
F_136,T2T2
F_1360,CT2
F_1361,CT2
F_1362,T2T2
F_1363,CC
F_1364,CT1
F_1365,T2C
F_1366,T1C
F_1367,CT2
F_1368,T2T2
F_1369,CC
F_137,T2T2
F_1370,CT2
F_1371,T2T2
F_1372,T1T1
F_1373,CT1
F_1374,T2C
F_1375,T1T1
F_1376,CT2
F_1377,CT2
F_1378,T2T2
F_1379,T1C
F_138,T1C
F_1380,CC
F_1381,T1T1
F_1382,T2C
F_1383,T1C
F_1384,T2C
F_1385,T1C
F_1386,CC
F_1387,CC
F_1388,CT1
F_1389,T2T2
F_139,CT2
F_1390,CT1
F_1391,CC
F_1392,T1T1
F_1393,T2T2
F_1394,CT1
F_1395,T1T1
F_1397,T1C
F_1398,CT1
F_1399,CC
F_14,CC
F_140,T1C
F_1400,CT2
F_1401,T1T1
F_1402,T1T1
F_1403,T2T2
F_1404,T1T1
F_1405,T2C
F_1406,T1C
F_1407,T2T2
F_1408,T2C
F_1409,CC
F_141,CT2
F_1410,CT1
F_1411,T2C
F_1412,CT1
F_1413,T1C
F_1414,CT1
F_1415,T1C
F_1416,CC
F_1417,CT2
F_1418,CC
F_1419,T2T2
F_142,CT2
F_1420,T1T1
F_1421,T1T1
F_1422,CT2
F_1423,CC
F_1424,CT2
F_1425,T2T2
F_1426,T2C
F_1427,T1T1
F_1428,T2C
F_1429,CT2
F_143,T2T2
F_1430,T2T2
F_1431,CC
F_1432,T1T1
F_1433,CT1
F_1434,CT1
F_1435,T2T2
F_1436,T2T2
F_1437,T2T2
F_1438,CC
F_1439,CT1
F_144,T2T2
F_1440,T1C
F_1441,CT1
F_1442,T1C
F_1443,CC
F_1444,CT2
F_1445,CC
F_1446,T2C
F_1447,CC
F_1448,CT2
F_1449,T1C
F_145,T1C
F_1450,T1C
F_1451,T2C
F_1452,T1T1
F_1453,T1T1
F_1454,CT2
F_1455,T2C
F_1456,T1T1
F_1457,T2T2
F_1458,CT2
F_1459,T2T2
F_146,T2C
F_1460,CC
F_1461,T1C
F_1462,T2T2
F_1463,T2C
F_1464,T1T1
F_1465,CT1
F_1466,T2C
F_1467,T1C
F_1468,T2T2
F_1469,T1T1
F_147,CC
F_1470,CT1
F_1471,CT1
F_1472,T1T1
F_1473,CT2
F_1474,CC
F_1475,T2C
F_1476,T1C
F_1477,T2T2
F_1478,CC
F_1479,T1T1
F_148,T1T1
F_1480,T1T1
F_1481,CC
F_1482,CT1
F_1483,CT2
F_1484,CT2
F_1485,T2C
F_1486,T1C
F_1487,T2T2
F_1488,CC
F_1489,T1C
F_149,T1T1
F_1490,CT1
F_1491,T1C
F_1492,T1C
F_1493,CT1
F_1494,T1T1
F_1495,T1T1
F_1496,T2C
F_1497,T1T1
F_1498,T1C
F_1499,CC
F_15,CT1
F_150,CT1
F_1500,T2T2
F_1501,T2T2
F_1502,CT2
F_1503,CT1
F_1504,CT2
F_1505,T2T2
F_1506,T2C
F_1507,T1T1
F_1508,CC
F_1509,CT2
F_151,CT2
F_1510,CC
F_1512,CT2
F_1513,CC
F_1514,T1C
F_1515,CT1
F_1516,T2T2
F_1517,T2C
F_1518,CC
F_1519,T2C
F_152,CC
F_1520,T2T2
F_1521,T1T1
F_1522,CC
F_1523,CT1
F_1524,CT2
F_1525,CC
F_1526,CC
F_1527,CC
F_1528,CT2
F_1529,T1C
F_153,T1T1
F_1530,T1C
F_1531,T2C
F_1532,CT1
F_1533,CT1
F_1534,T1C
F_1535,T2C
F_1536,T1T1
F_1537,T2T2
F_1538,T1T1
F_1539,T2T2
F_154,CT1
F_1540,CT2
F_1541,T2C
F_1542,T1T1
F_1543,T2T2
F_1544,CT2
F_1545,CC
F_1546,T2T2
F_1547,T2C
F_1548,CT1
F_1549,T1T1
F_155,CC
F_1550,T1C
F_1551,CT1
F_1552,T2T2
F_1553,T1T1
F_1554,CC
F_1555,T2C
F_1556,CT2
F_1557,T2T2
F_1558,T2T2
F_1559,T2T2
F_156,T2T2
F_1560,CC
F_1561,T1T1
F_1562,T1T1
F_1563,CT1
F_1564,T1T1
F_1565,T1C
F_1566,CT2
F_1567,T2C
F_1568,T2C
F_1569,T2T2
F_157,T2C
F_1570,T2C
F_1571,CT1
F_1572,T1C
F_1573,CT2
F_1574,CT1
F_1575,T1C
F_1576,CC
F_1577,CC
F_1578,CT2
F_1579,T1C
F_158,T1T1
F_1580,CC
F_1581,T1T1
F_1582,T2C
F_1583,CT1
F_1584,CT1
F_1585,CC
F_1586,T1T1
F_1587,T1C
F_1588,CT1
F_1589,CC
F_159,T1C
F_1590,T2T2
F_1591,T1T1
F_1592,CT2
F_1593,T2T2
F_1594,T1T1
F_1595,CT1
F_1596,CT2
F_1597,CT2
F_1598,T2C
F_1599,T2C
F_16,T1T1
F_160,CT2
F_1600,T1C
F_1601,CT2
F_1602,T1C
F_1603,T1C
F_1604,CC
F_1605,T2T2
F_1606,CC
F_1607,T1T1
F_1608,CC
F_1609,T2T2
F_161,T2C
F_1610,T2T2
F_1611,T2C
F_1612,T1C
F_1613,T1T1
F_1614,T1C
F_1615,T2T2
F_1616,T2C
F_1617,CT2
F_1618,T2C
F_1619,T1C
F_162,T2T2
F_1620,CT1
F_1621,CC
F_1622,CC
F_1623,T1T1
F_1624,T1C
F_1625,T2C
F_1626,CC
F_1627,CT1
F_1628,T2T2
F_1629,T1C
F_163,CC
F_1630,CT1
F_1631,CC
F_1632,T2T2
F_1633,CT2
F_1634,T1T1
F_1635,T1T1
F_1636,CT1
F_1637,T2T2
F_1638,T2C
F_1639,CT2
F_164,T2C
F_1640,CT2
F_1641,T1T1
F_1642,T2T2
F_1643,CC
F_1644,T1T1
F_1645,T1C
F_1646,CT1
F_1647,CT2
F_1648,T2T2
F_1649,T1T1
F_165,CC
F_1650,T2T2
F_1651,CT1
F_1652,T1T1
F_1653,T1T1
F_1654,T2T2
F_1655,T2C
F_1656,CT1
F_1657,CT2
F_1658,T2T2
F_1659,CC
F_166,CC
F_1660,CC
F_1661,CC
F_1662,T1T1
F_1663,T1C
F_1664,CC
F_1665,CC
F_1666,T2T2
F_1668,CT2
F_1669,CC
F_167,CT1
F_1670,T2C
F_1671,T1C
F_1672,T2C
F_1673,T2C
F_1674,T1C
F_1675,CT1
F_1676,T2C
F_1677,T1T1
F_1678,T1C
F_1679,CT1
F_168,T1T1
F_1680,T2C
F_1681,CC
F_1682,CC
F_1683,T1T1
F_1684,CT2
F_1685,T2T2
F_1686,T2T2
F_1687,T1C
F_1688,T1T1
F_1689,CT1
F_169,T2T2
F_1690,CT1
F_1691,CC
F_1692,T2T2
F_1693,T1C
F_1694,T2T2
F_1695,T1T1
F_1696,CT2
F_1697,T2C
F_1698,T2T2
F_1699,T2C
F_17,T2T2
F_170,CC
F_1700,CC
F_1701,CT2
F_1702,T1C
F_1703,CC
F_1704,T1T1
F_1705,CT2
F_1706,T1T1
F_1707,CC
F_1708,T1T1
F_1709,T2T2
F_171,CT1
F_1710,CT2
F_1711,T1T1
F_1712,CT2
F_1713,CC
F_1714,T2T2
F_1715,T1T1
F_1716,CT1
F_1717,T1C
F_1718,T1C
F_1719,CT1
F_172,T1C
F_1720,T2C
F_1721,CT2
F_1722,CC
F_1723,T1C
F_1724,CT2
F_1725,T2T2
F_1726,T1T1
F_1727,T2T2
F_1728,T2T2
F_1729,CT1
F_173,T2T2
F_1730,CC
F_1731,T1C
F_1732,CC
F_1733,T2C
F_1734,CT1
F_1735,T2C
F_1736,T2C
F_1737,CT1
F_1738,T1C
F_1739,T2T2
F_174,CT1
F_1740,T1T1
F_1741,CT1
F_1742,CT2
F_1743,CC
F_1744,CC
F_1745,T1C
F_1746,T1C
F_1747,T2T2
F_1748,CT2
F_1749,T2C
F_175,T1C
F_1750,T2T2
F_1751,T1T1
F_1752,T2C
F_1753,T1C
F_1754,CC
F_1755,CT1
F_1756,CC
F_1757,CC
F_1758,T1T1
F_1759,T2C
F_176,T1T1
F_1760,T2T2
F_1761,T1T1
F_1762,CT2
F_1763,T2C
F_1764,T2T2
F_1765,T1T1
F_1766,CT2
F_1767,CT1
F_1768,CT2
F_1769,T1T1
F_177,CT1
F_1770,CC
F_1771,T1T1
F_1772,T1T1
F_1773,CC
F_1774,CT1
F_1775,CT1
F_1776,T2T2
F_1777,CT2
F_1778,CC
F_1779,T1C
F_178,CT2
F_1780,T2T2
F_1781,CT1
F_1782,T2C
F_1783,T2T2
F_1784,CT2
F_1785,T1C
F_1786,T2C
F_1787,CT1
F_1788,CC
F_1789,T2T2
F_179,T1C
F_1790,T1T1
F_1791,T1T1
F_1792,T1C
F_1793,T1C
F_1794,T2C
F_1795,T2T2
F_1796,T2C
F_1797,CT2
F_1798,CC
F_1799,CT2
F_18,CT1
F_180,CC
F_1800,T1T1
F_1801,T2C
F_1802,T1C
F_1803,CT1
F_1804,CC
F_1805,T1C
F_1806,CT2
F_1807,T2T2
F_1808,T1T1
F_1809,T2T2
F_181,T1T1
F_1810,T2T2
F_1811,T1C
F_1812,T2C
F_1813,T1C
F_1814,CT1
F_1815,CC
F_1816,T2C
F_1817,CT1
F_1818,CC
F_1819,T2T2
F_182,T2T2
F_1820,T2T2
F_1821,CC
F_1822,CT2
F_1823,T1T1
F_1824,T1T1
F_1825,T2C
F_1826,T1T1
F_1827,CC
F_1829,CC
F_183,CC
F_1830,T2C
F_1831,CT2
F_1832,T1T1
F_1833,T1T1
F_1834,T2C
F_1835,CT1
F_1836,T1C
F_1837,CT2
F_1838,CC
F_1839,CT1
F_184,T2C
F_1840,CT2
F_1841,T2C
F_1842,T2T2
F_1843,CC
F_1844,CC
F_1845,T1T1
F_1846,T1C
F_1847,CC
F_1848,T2T2
F_1849,T1C
F_185,T1T1
F_1850,T2T2
F_1851,T1T1
F_1852,T2C
F_1853,CT1
F_1854,T1T1
F_1855,CT1
F_1856,T1C
F_1857,CC
F_1858,CT2
F_1859,T2T2
F_186,CT2
F_1860,T2T2
F_1861,T1C
F_1862,CT2
F_1863,T1C
F_1864,T1T1
F_1865,T1C
F_1866,T2C
F_1867,T2T2
F_1868,CT2
F_1869,T2T2
F_187,T2T2
F_1870,CT1
F_1871,T2C
F_1872,T2T2
F_1873,T1T1
F_1874,CT1
F_1875,CT1
F_1876,T2T2
F_1877,CC
F_1878,CT1
F_1879,CT2
F_188,T1C
F_1880,CC
F_1881,T1T1
F_1882,CC
F_1883,T2T2
F_1884,T1C
F_1885,CC
F_1886,CT2
F_1887,T2C
F_1888,CC
F_1889,T2C
F_189,T2C
F_1890,T1T1
F_1891,T1T1
F_1892,CT1
F_1893,T2T2
F_1894,CC
F_1895,CC
F_1896,CC
F_1897,T1T1
F_1898,CT1
F_1899,T1T1
F_19,T2C
F_190,T2C
F_1900,T2C
F_1901,T1C
F_1902,T2T2
F_1903,CC
F_1904,T2T2
F_1905,T2T2
F_1906,T1T1
F_1907,T1C
F_1908,CT2
F_1909,T2C
F_191,T2T2
F_1910,T2C
F_1911,CT2
F_1912,CC
F_1913,CT1
F_1914,T1C
F_1915,CT2
F_1916,T1T1
F_1917,CT1
F_1918,CT2
F_1919,T2C
F_192,T1C
F_1920,T2T2
F_1921,T1C
F_1922,T1T1
F_1923,T2T2
F_1924,T2T2
F_1925,CC
F_1926,CT1
F_1927,T1T1
F_1928,CT1
F_1929,T2C
F_193,T1T1
F_1930,CT2
F_1931,CT2
F_1932,T1T1
F_1933,T1C
F_1934,CC
F_1935,T1T1
F_1936,T1C
F_1937,CT2
F_1938,T1T1
F_1939,T2C
F_194,T1T1
F_1940,CC
F_1941,T2C
F_1942,T2T2
F_1943,CC
F_1944,T2T2
F_1945,CT1
F_1946,T1T1
F_1947,T1C
F_1948,T2C
F_1949,CT2
F_195,T2T2
F_1950,CC
F_1951,CT1
F_1952,T1C
F_1953,T2T2
F_1954,CC
F_1955,CC
F_1956,CT1
F_1957,T2T2
F_1958,CT1
F_1959,T1T1
F_196,CT1
F_1960,CC
F_1961,T1C
F_1962,T1T1
F_1963,T1T1
F_1964,CC
F_1965,CT2
F_1966,T2C
F_1967,T1C
F_1968,T1C
F_1969,CT1
F_197,CT2
F_1970,CT2
F_1971,T2C
F_1972,T2T2
F_1973,T2T2
F_1974,T2C
F_1975,CC
F_1976,T2C
F_1977,CT2
F_1978,CT2
F_1979,T2T2
F_198,T1T1
F_1980,CT1
F_1981,T2T2
F_1982,T1C
F_1983,T1T1
F_1984,T1T1
F_1985,CT1
F_1986,T1C
F_1987,T1T1
F_1988,T1T1
F_1989,T2C
F_199,CT1
F_1990,T2C
F_1991,CT1
F_1992,T1C
F_1993,CT2
F_1994,T2C
F_1995,T2T2
F_1996,T2C
F_1997,CT1
F_1998,CC
F_1999,T1C
F_2,T1T1
F_20,T2T2
F_200,CC
F_2000,CC
F_2001,T2T2
F_2002,CC
F_2003,T1T1
F_2004,CT2
F_2005,T2T2
F_2006,T1T1
F_2007,T2C
F_2008,CC
F_2009,T1T1
F_201,T1C
F_2010,CC
F_2011,CT1
F_2012,CT2
F_2013,CT2
F_2014,T2T2
F_2015,T1C
F_2016,T1T1
F_2017,T2C
F_2018,T1C
F_2019,T2T2
F_202,CC
F_2020,T2T2
F_2021,T2T2
F_2022,T2C
F_2023,T2C
F_2024,T2C
F_2025,CT1
F_2026,T1C
F_2027,T1C
F_2028,CT1
F_2029,T2T2
F_203,T2C
F_2030,T1T1
F_2031,CT2
F_2032,CC
F_2033,CC
F_2034,CC
F_2035,CC
F_2036,CT2
F_2037,CT2
F_2038,T1C
F_2039,T1T1
F_204,T2T2
F_2040,CT2
F_2041,T1T1
F_2042,CT1
F_2043,CC
F_2044,T2T2
F_2045,CT1
F_2046,T1T1
F_2047,T1T1
F_2048,T1T1
F_2049,T1C
F_205,CT1
F_2050,CC
F_2051,T1T1
F_2052,T2T2
F_2053,T1T1
F_2054,CC
F_2055,T1T1
F_2056,T2C
F_2057,CT1
F_2058,CT2
F_2059,CT1
F_206,CT2
F_2060,T2T2
F_2061,CC
F_2062,T2C
F_2063,CT1
F_2064,T2T2
F_2065,CC
F_2066,CT2
F_2067,T1C
F_2068,CT2
F_2069,T2T2
F_2070,T1C
F_2071,T2T2
F_2072,CC
F_2073,T1C
F_2074,T2C
F_2075,CT2
F_2076,CT1
F_2077,T2C
F_2078,T2T2
F_2079,T1T1
F_208,T1T1
F_2080,T2C
F_2081,CT1
F_2082,T1T1
F_2083,CC
F_2084,CT1
F_2085,T1T1
F_2086,T1C
F_2087,T2T2
F_2088,T1T1
F_2089,CT2
F_209,T1T1
F_2090,CC
F_2091,T2C
F_2092,T2C
F_2093,CT1
F_2094,CC
F_2095,T2T2
F_2096,T1C
F_2097,T2C
F_2098,T1C
F_2099,T1C
F_210,CC
F_2100,CT2
F_2101,T1T1
F_2102,CC
F_2103,CT2
F_2104,CT2
F_2105,CC
F_2106,CC
F_2107,T2T2
F_2108,T2T2
F_2109,CC
F_211,T2C
F_2110,CC
F_2111,CT1
F_2112,T1C
F_2113,T1C
F_2114,CT2
F_2115,T2C
F_2116,CT1
F_2117,T1T1
F_2118,T2T2
F_2119,T2T2
F_212,T1C
F_2120,CC
F_2121,T1C
F_2122,T1T1
F_2123,T1C
F_2124,T2T2
F_2125,CT2
F_2126,T1T1
F_2127,CT1
F_2128,T1T1
F_2129,CT1
F_213,CC
F_2130,CT2
F_2131,T2C
F_2132,T2C
F_2133,CC
F_2134,T1T1
F_2135,T2C
F_2136,T2T2
F_2137,T2T2
F_2138,CT2
F_2139,CC
F_214,CT2
F_2140,T2T2
F_2141,T2T2
F_2142,CT1
F_2143,T1C
F_2144,T2C
F_2145,T1T1
F_2146,CT1
F_2147,T2T2
F_2148,CC
F_2149,CT1
F_215,CC
F_2150,T1T1
F_2151,T2T2
F_2152,CC
F_2153,CC
F_2154,T2C
F_2155,CT2
F_2156,CT2
F_2157,T2T2
F_2158,CC
F_2159,CT2
F_216,CT2
F_2160,T1C
F_2161,T1T1
F_2162,CT2
F_2163,T2C
F_2164,T1T1
F_2165,T1T1
F_2166,CC
F_2167,T1C
F_2168,T2C
F_2169,T1C
F_217,T2T2
F_2170,CT1
F_2171,T2T2
F_2172,CT1
F_2173,CC
F_2174,T2T2
F_2175,T2C
F_2176,T2T2
F_2177,T1C
F_2178,T2C
F_2179,CT1
F_218,T1T1
F_2180,CC
F_2181,T1T1
F_2182,CT2
F_2183,CT2
F_2184,CT2
F_2185,CC
F_2186,T2T2
F_2187,T1T1
F_2188,T2C
F_2189,CT1
F_219,T1C
F_2190,T1T1
F_2191,CC
F_2192,T1C
F_2193,T1T1
F_2194,T1C
F_2195,CT2
F_2196,T1T1
F_2197,CC
F_2198,T2C
F_2199,T1C
F_22,T2T2
F_220,CT1
F_2200,CT1
F_2201,T2T2
F_2202,CT2
F_2203,T1T1
F_2204,CT2
F_2205,T2T2
F_2206,T2C
F_2207,CC
F_2208,CC
F_2209,T1T1
F_221,CT1
F_2210,CT2
F_2211,CT1
F_2212,T1C
F_2213,T1T1
F_2214,T1T1
F_2215,CT2
F_2216,CT1
F_2217,CT1
F_2218,CC
F_2219,CT1
F_222,T1T1
F_2220,T2C
F_2221,T1C
F_2222,T2C
F_2223,T1C
F_2224,T1C
F_2225,CC
F_2226,T2C
F_2227,T2T2
F_2228,T1T1
F_2229,T2C
F_223,T1C
F_2230,CC
F_2231,T2T2
F_2232,T2T2
F_2233,T1T1
F_2234,CT2
F_2235,CC
F_2236,CT2
F_2237,T1C
F_2238,CT1
F_2239,T1C
F_224,T2C
F_2240,T2T2
F_2241,T2T2
F_2242,T2T2
F_2243,T2C
F_2244,CT1
F_2245,T1T1
F_2246,T2C
F_2247,T2T2
F_2248,CT1
F_2249,CC
F_225,T1T1
F_2250,CC
F_2251,T2C
F_2252,T1T1
F_2253,T2C
F_2254,CC
F_2255,T1C
F_2256,CT2
F_2257,T1C
F_2258,T2T2
F_2259,T1T1
F_226,T2T2
F_2260,CT1
F_2261,T1T1
F_2262,CC
F_2263,CT2
F_2264,T2T2
F_2265,T1C
F_2266,T2T2
F_2267,T2C
F_2268,T1T1
F_2269,T2C
F_227,CC
F_2270,CC
F_2271,T2C
F_2272,T1T1
F_2273,T1T1
F_2274,T2C
F_2275,CT2
F_2276,T1C
F_2277,CT1
F_2278,CT1
F_2279,CT2
F_228,CT2
F_2280,CC
F_2281,CC
F_2282,CC
F_2283,T1C
F_2284,T2T2
F_2285,T1T1
F_2286,T2T2
F_2287,CT1
F_2288,CT2
F_2289,CC
F_229,CC
F_2290,T1T1
F_2291,T2T2
F_2292,T1C
F_2293,CT1
F_2294,CT2
F_2295,T1C
F_2296,T1T1
F_2297,T2T2
F_2298,CT1
F_2299,CC
F_23,T1T1
F_230,T2T2
F_2300,CC
F_2301,CT2
F_2302,CT1
F_2303,T2C
F_2304,CT2
F_2305,CC
F_2306,CC
F_2307,T2C
F_2308,CT2
F_2309,T2C
F_231,CT2
F_2310,T2T2
F_2311,T1T1
F_2312,T2T2
F_2313,CT2
F_2314,T1C
F_2315,CT1
F_2316,T2T2
F_2317,T1T1
F_2318,CC
F_2319,T2C
F_232,T2C
F_2320,CT1
F_2321,T1C
F_2322,T1T1
F_2323,T2T2
F_2324,T1C
F_2325,T1T1
F_2326,T2T2
F_2327,T2T2
F_2328,T1T1
F_2329,T1C
F_233,T1C
F_2330,CT2
F_2331,CC
F_2332,CT1
F_2333,CC
F_2334,T1C
F_2335,T2C
F_2336,T2T2
F_2337,T2C
F_2338,CC
F_2339,CC
F_234,T1T1
F_2340,CT2
F_2341,CT2
F_2342,T1T1
F_2343,T1C
F_2344,T1C
F_2345,T1T1
F_2346,T1T1
F_2347,T2T2
F_2348,T2T2
F_2349,T2C
F_235,T2C
F_2350,CT1
F_2351,CT1
F_2352,T2C
F_2353,CC
F_2354,CT2
F_2355,T1T1
F_2356,CT1
F_2357,T1T1
F_2358,T1T1
F_2359,CT1
F_236,CC
F_2360,CT2
F_2361,CC
F_2362,CC
F_2363,T1T1
F_2364,T2C
F_2365,CT1
F_2366,CT2
F_2367,CT2
F_2368,T1C
F_2369,T2T2
F_237,T2T2
F_2370,T2C
F_2371,T2C
F_2372,T1C
F_2373,T2T2
F_2374,CC
F_2375,T1T1
F_2376,T2T2
F_2377,CT2
F_2378,T2T2
F_2379,T1C
F_238,CT2
F_2380,T2T2
F_2381,CT1
F_2382,T1C
F_2383,CC
F_2384,T2C
F_2385,T1T1
F_2386,CC
F_2387,CT1
F_2388,T1T1
F_2389,T2C
F_239,CC
F_2390,CT1
F_2391,CC
F_2392,CT2
F_2393,T1T1
F_2394,T1C
F_2395,CC
F_2396,T2C
F_2397,CT2
F_2398,T2T2
F_2399,T1T1
F_24,T1C
F_240,T1C
F_2400,T2T2
F_2401,T2C
F_2402,CC
F_2403,CT1
F_2404,CT1
F_2405,T1C
F_2406,CT2
F_2407,CT2
F_2408,T1C
F_2409,T2T2
F_241,T2T2
F_2410,T1C
F_2411,T1T1
F_2412,T1T1
F_2413,T2C
F_2414,T2T2
F_2415,CC
F_2416,CT1
F_2417,T2T2
F_2418,CC
F_2419,CT1
F_2420,T2C
F_2421,T1T1
F_2422,CC
F_2423,T1T1
F_2424,T2C
F_2425,CT2
F_2426,T2T2
F_2427,CT2
F_2428,T1C
F_2429,T2T2
F_243,T1T1
F_2430,T1T1
F_2431,CT2
F_2432,CT1
F_2433,CT2
F_2434,T2C
F_2435,T2T2
F_2436,CT1
F_2437,CT1
F_2438,CC
F_2439,CC
F_244,CC
F_2440,T2T2
F_2441,T1C
F_2442,T1C
F_2443,T2T2
F_2444,CC
F_2445,T1C
F_2446,T2C
F_2447,CC
F_2448,T1T1
F_2449,T1T1
F_245,T2T2
F_2450,T1T1
F_2451,CC
F_2452,T2T2
F_2453,CT2
F_2454,CC
F_2455,T1T1
F_2456,T1T1
F_2457,T2C
F_2458,T2C
F_2459,T2T2
F_246,CC
F_2460,CT1
F_2461,CT2
F_2462,T2T2
F_2463,CC
F_2464,CT1
F_2465,T2C
F_2466,T1C
F_2467,CT2
F_2468,T2C
F_2469,CT1
F_247,CC
F_2470,CT2
F_2471,T1T1
F_2472,CC
F_2473,T2T2
F_2474,T2T2
F_2475,CC
F_2476,CT1
F_2477,T1C
F_2478,T1C
F_2479,T1C
F_248,T1C
F_2480,T1T1
F_2481,T2C
F_2482,T1T1
F_2483,CC
F_2484,T1T1
F_2485,CT1
F_2486,CC
F_2487,T2T2
F_2488,CT2
F_2489,T1T1
F_249,T2C
F_2490,T2C
F_2491,CT1
F_2492,T1C
F_2493,CC
F_2494,T1C
F_2495,CC
F_2496,T2T2
F_2497,T2C
F_2498,T1C
F_2499,T1T1
F_25,T1T1
F_250,T2C
F_2500,T2C
F_2501,T1C
F_2502,CT2
F_2503,CC
F_2504,CT1
F_2505,T2T2
F_2506,T2T2
F_2507,T2T2
F_2508,CT2
F_2509,T1T1
F_251,T1C
F_2510,CT2
F_2511,CT1
F_2512,T2C
F_2513,CC
F_2514,CT2
F_2515,T2C
F_2516,CC
F_2517,T2T2
F_2518,CT2
F_2519,T1T1
F_252,T2C
F_2520,CT1
F_2521,CC
F_2522,T2T2
F_2523,T1T1
F_2524,CC
F_2525,T1T1
F_2526,T2T2
F_2527,CT2
F_2528,T2T2
F_2529,CT1
F_253,T2C
F_2530,CT1
F_2531,T1C
F_2532,CC
F_2533,CT2
F_2534,T2T2
F_2535,T1C
F_2536,T2C
F_2537,T2C
F_2538,T1T1
F_2539,CT1
F_254,CT1
F_2540,T1C
F_2541,T1C
F_2542,T1C
F_2543,T2T2
F_2544,T2T2
F_2545,T2C
F_2546,T1C
F_2547,CC
F_2548,CC
F_2549,CT2
F_255,T2C
F_2550,T2T2
F_2551,T1T1
F_2552,T2C
F_2553,T1C
F_2554,CT1
F_2555,CC
F_2556,T1T1
F_2557,CT2
F_2558,T1T1
F_2559,T1C
F_256,T2T2
F_2560,CT2
F_2561,T2T2
F_2562,CC
F_2563,CT1
F_2564,T2C
F_2565,CT1
F_2566,CT1
F_2567,CT2
F_2568,CC
F_2569,T1C
F_257,CT2
F_2570,T1T1
F_2571,T2C
F_2572,T2T2
F_2573,T1T1
F_2574,CC
F_2575,CT2
F_2576,T1T1
F_2577,CC
F_2578,T2C
F_2579,CT1
F_258,CC
F_2580,T1C
F_2581,T1T1
F_2582,CC
F_2583,CC
F_2584,T1T1
F_2585,T2T2
F_2586,CT1
F_2587,T1T1
F_2588,CT1
F_2589,CT1
F_2590,T2C
F_2591,T1T1
F_2592,T2T2
F_2593,CT2
F_2594,T1C
F_2595,CC
F_2596,CT2
F_2597,T2T2
F_2598,T2T2
F_2599,T2C
F_26,CC
F_260,CC
F_2600,CT2
F_2601,T1C
F_2602,T2C
F_2603,T1C
F_2604,T2T2
F_2605,T1T1
F_2606,T2C
F_2607,T2C
F_2608,CC
F_2609,T2T2
F_261,CT2
F_2610,CT2
F_2611,CT1
F_2612,CT2
F_2613,T1T1
F_2614,CT1
F_2615,CC
F_2616,T1T1
F_2617,T1C
F_2618,CT1
F_2619,T2C
F_262,CT1
F_2620,T1C
F_2621,T2T2
F_2622,T2T2
F_2623,T2T2
F_2624,T1T1
F_2625,T1C
F_2626,CC
F_2627,T1C
F_2628,CC
F_2629,CC
F_263,T2T2
F_2630,CT1
F_2631,T2T2
F_2632,CT2
F_2633,CT2
F_2634,T1T1
F_2635,T2C
F_2636,T1C
F_2637,CT2
F_2638,T1T1
F_2639,CT2
F_264,T1C
F_2640,T2C
F_2641,T2T2
F_2642,T2T2
F_2643,CT1
F_2644,T1T1
F_2645,CT1
F_2646,T2C
F_2647,T1C
F_2648,CC
F_2649,T2C
F_265,CT1
F_2650,CC
F_2651,CT2
F_2652,T1C
F_2653,CC
F_2654,T2T2
F_2655,T1T1
F_2656,T1T1
F_2657,T1T1
F_2658,CT1
F_2659,CT1
F_266,CT1
F_2660,T2T2
F_2661,T2C
F_2662,T2T2
F_2663,CC
F_2664,CC
F_2665,CT2
F_2666,T1C
F_2667,T2C
F_2668,T1C
F_2669,CT1
F_267,T1T1
F_2670,T2T2
F_2671,T2T2
F_2672,T1T1
F_2673,T2C
F_2674,CC
F_2675,T2T2
F_2676,CT1
F_2677,CC
F_2678,T1C
F_2679,T2C
F_268,T1T1
F_2680,CT1
F_2681,T2C
F_2682,CT2
F_2683,T1C
F_2684,CT1
F_2685,CT2
F_2686,T1T1
F_2687,T1C
F_2688,CC
F_2689,CC
F_269,CC
F_2690,T1T1
F_2691,CT2
F_2692,CC
F_2693,T1T1
F_2694,CT2
F_2695,T1T1
F_2696,T2T2
F_2697,T2T2
F_2698,T1T1
F_2699,CC
F_27,T1C
F_270,T2T2
F_2700,CT1
F_2701,CT1
F_2702,CT1
F_2703,T1C
F_2704,CT2
F_2705,CC
F_2706,CT1
F_2707,T1T1
F_2708,T2T2
F_2709,T2C
F_271,T2T2
F_2710,CT2
F_2711,T2C
F_2712,CC
F_2713,CC
F_2714,T1T1
F_2715,T1C
F_2716,T2T2
F_2717,T2C
F_2718,CT2
F_2719,T2C
F_272,CC
F_2720,T2T2
F_2721,T1C
F_2722,T2T2
F_2723,T1T1
F_2724,CT2
F_2725,T1T1
F_2726,T1C
F_2727,CC
F_2728,T2T2
F_2729,CC
F_273,CC
F_2730,CT1
F_2731,T2T2
F_2732,T1C
F_2733,T2C
F_2734,T2C
F_2735,T2C
F_2736,CC
F_2737,CT1
F_2738,CT2
F_2739,CC
F_274,T1T1
F_2740,T1C
F_2741,CT1
F_2742,T1T1
F_2743,T2C
F_2744,T2T2
F_2745,CC
F_2746,T2T2
F_2747,CT2
F_2748,T2T2
F_2749,T1T1
F_275,CT2
F_2750,T2T2
F_2751,T1C
F_2752,T1T1
F_2753,CT2
F_2754,CT2
F_2755,CT1
F_2756,CC
F_2757,T1C
F_2758,T1C
F_2759,T1T1
F_276,T1T1
F_2760,CC
F_2761,T1T1
F_2762,CC
F_2763,T1T1
F_2764,T2T2
F_2765,CC
F_2766,T1C
F_2767,CT2
F_2768,CC
F_2769,T2T2
F_277,CT2
F_2770,CT2
F_2771,T2C
F_2772,T2C
F_2773,T2T2
F_2774,T2T2
F_2775,T2T2
F_2776,T1C
F_2777,T2C
F_2778,T1C
F_2779,CT1
F_278,CT1
F_2780,CT1
F_2781,T1T1
F_2782,CT2
F_2783,T1C
F_2784,CC
F_2785,CT1
F_2786,CT2
F_2787,T2C
F_2788,CT1
F_2789,T1T1
F_279,T2C
F_2790,T1T1
F_2791,CC
F_2792,CT1
F_2793,T2C
F_2794,CC
F_2795,CC
F_2796,T1T1
F_2797,T1C
F_2798,T1C
F_2799,CT2
F_28,T2C
F_280,T1T1
F_2800,CC
F_2801,CT1
F_2802,T1T1
F_2803,CT2
F_2804,T1T1
F_2805,CT1
F_2806,CT2
F_2807,T2T2
F_2808,T1T1
F_2809,CC
F_281,T2T2
F_2810,T2C
F_2811,T2T2
F_2812,CT1
F_2813,T2T2
F_2814,T2T2
F_2815,T1T1
F_2816,T2C
F_2817,T2T2
F_2818,T1C
F_2819,CT2
F_282,T2T2
F_2820,T1C
F_2821,T2C
F_2822,T1T1
F_2823,CC
F_2824,T2C
F_2825,CT1
F_2826,CC
F_2827,CC
F_2828,T1C
F_2829,T2T2
F_283,T1C
F_2830,CT2
F_2831,CT1
F_2832,T1T1
F_2833,CT1
F_2834,T2T2
F_2835,CC
F_2836,CT1
F_2837,T1T1
F_2838,T2T2
F_2839,T1T1
F_284,T2T2
F_2840,T1T1
F_2841,T1C
F_2842,CT2
F_2843,T1C
F_2844,T2C
F_2845,T1C
F_2846,CT2
F_2847,CC
F_2848,T2T2
F_2849,T2C
F_285,CC
F_2850,T2C
F_2851,T2T2
F_2852,CT2
F_2853,CT2
F_2854,T1C
F_2855,T1T1
F_2856,CT1
F_2857,T2C
F_2858,CT2
F_2859,CC
F_286,CC
F_2860,T2T2
F_2861,T1T1
F_2862,CC
F_2863,T1T1
F_2864,CT1
F_2865,T2C
F_2866,CC
F_2867,T2T2
F_2868,CT2
F_2869,CT2
F_287,T1C
F_2870,T1C
F_2871,T2C
F_2872,T1T1
F_2873,CC
F_2874,CC
F_2875,T1C
F_2876,T1T1
F_2877,T2C
F_2878,T2T2
F_2879,CT1
F_288,T1T1
F_2880,CT1
F_2881,T2T2
F_2882,T2T2
F_2883,T1C
F_2884,T1T1
F_2885,CT1
F_2886,T2T2
F_2887,T2T2
F_2888,T1T1
F_2889,T2C
F_289,T2T2
F_2890,T2T2
F_2891,CT2
F_2892,CC
F_2893,T1C
F_2894,T2C
F_2895,T1C
F_2896,CC
F_2897,CC
F_2898,CC
F_2899,CC
F_29,T2C
F_290,CT2
F_2900,CT2
F_2901,CT1
F_2902,T2T2
F_2903,CT1
F_2904,T2C
F_2905,T2T2
F_2906,CT2
F_2907,T1T1
F_2908,CT2
F_2909,T1C
F_291,CC
F_2910,T2C
F_2911,T1T1
F_2912,T1C
F_2913,CT1
F_2914,T1T1
F_2915,CT1
F_2916,T1C
F_2917,CC
F_2918,CT2
F_2919,T2T2
F_292,CC
F_2920,T2T2
F_2921,CT1
F_2922,T1C
F_2923,CC
F_2924,CC
F_2925,T2T2
F_2926,T1T1
F_2927,T1T1
F_2928,T1T1
F_2929,CT2
F_293,T1T1
F_2930,CT2
F_2931,CC
F_2932,T1C
F_2933,T2C
F_2934,T1C
F_2935,CT2
F_2936,CC
F_2937,T1T1
F_2938,CT1
F_2939,T2C
F_294,T1T1
F_2940,T2T2
F_2941,T2T2
F_2942,T1T1
F_2943,T2C
F_2944,T2C
F_2945,CT1
F_2946,CC
F_2947,T2T2
F_2948,T1T1
F_2949,CC
F_295,CT2
F_2950,CT2
F_2951,T2C
F_2952,T1T1
F_2953,T1T1
F_2954,CC
F_2955,CT1
F_2956,CC
F_2957,T2T2
F_2958,CC
F_2959,T1C
F_296,T2C
F_2960,CT2
F_2961,CT2
F_2962,T1C
F_2963,T2T2
F_2964,T1T1
F_2965,T2C
F_2966,T1T1
F_2967,T1C
F_2968,CT1
F_2969,CT1
F_297,T2T2
F_2970,CT2
F_2971,CT1
F_2972,T2C
F_2973,T1C
F_2974,T2T2
F_2975,T2C
F_2976,T2T2
F_2977,T1C
F_2978,T2T2
F_2979,CT2
F_298,T2C
F_2980,T2C
F_2981,T2C
F_2982,T1C
F_2983,T1C
F_2984,CT1
F_2985,CT2
F_2986,T1T1
F_2987,T2T2
F_2988,CT1
F_2989,T2T2
F_299,CT1
F_2990,CC
F_2991,T2C
F_2992,CT2
F_2993,CT2
F_2994,CT1
F_2995,T1T1
F_2996,CC
F_2997,T2C
F_2998,T1T1
F_2999,CC
F_3,CT1
F_30,CC
F_300,CT1
F_3000,T1C
F_3001,CC
F_3002,T2T2
F_3003,T2T2
F_3004,CT1
F_3005,T1T1
F_3006,T1T1
F_3007,CC
F_3008,CC
F_3009,T1C
F_301,CT1
F_3010,CT2
F_3011,T1T1
F_3012,T2T2
F_3013,T1T1
F_3014,T2C
F_3015,T1C
F_3016,CT1
F_3017,T1T1
F_3018,T2T2
F_3019,T1T1
F_302,T2C
F_3020,CT1
F_3021,CT1
F_3022,CC
F_3023,T2C
F_3024,CT2
F_3025,T1T1
F_3026,T2T2
F_3027,CT1
F_3028,CT2
F_3029,T2T2
F_303,CT1
F_3030,CC
F_3031,CC
F_3032,CT2
F_3033,T2C
F_3034,T1C
F_3035,T1C
F_3036,T2C
F_3037,T2T2
F_3038,CC
F_3039,CT1
F_304,T1C
F_3040,T1T1
F_3041,CC
F_3042,T2T2
F_3043,T2C
F_3044,CC
F_3045,T1C
F_3046,T1T1
F_3047,T2T2
F_3048,T2T2
F_3049,T2T2
F_305,T2C
F_3050,T1T1
F_3051,CT1
F_3052,CC
F_3053,CC
F_3054,T1T1
F_3055,T1C
F_3056,CT1
F_3057,T1C
F_3058,T2T2
F_3059,T2C
F_306,CC
F_3060,CT2
F_3061,CT1
F_3062,CT2
F_3063,T1T1
F_3064,T2C
F_3065,T2C
F_3066,T1C
F_3067,CT2
F_3068,CC
F_3069,CT2
F_307,CT2
F_3070,CT2
F_3071,T1C
F_3072,CT1
F_3073,CC
F_3074,CT2
F_3075,T2C
F_3076,CC
F_3077,T1C
F_3078,T1T1
F_3079,CT1
F_308,T1T1
F_3080,T2T2
F_3081,CT1
F_3082,T2C
F_3083,T2T2
F_3084,T2T2
F_3085,T2T2
F_3086,T2C
F_3087,CT1
F_3088,CC
F_3089,CT2
F_309,T1C
F_3090,T2C
F_3091,T1C
F_3092,T2T2
F_3093,CT2
F_3094,T1T1
F_3095,T1T1
F_3096,T1C
F_3097,T1T1
F_3098,CC
F_3099,CC
F_31,T2T2
F_310,CT2
F_3100,T1T1
F_3101,T2C
F_3102,T1T1
F_3103,T1C
F_3104,T2C
F_3105,T2C
F_3106,CT1
F_3107,CT2
F_3108,T2T2
F_3109,T2T2
F_311,T1T1
F_3110,T1C
F_3111,CC
F_3112,T1C
F_3113,CT1
F_3114,T2T2
F_3115,CC
F_3116,CT2
F_3117,T1T1
F_3118,CC
F_3119,T2C
F_312,T2T2
F_3120,T2T2
F_3122,CT1
F_3123,T1T1
F_3124,T2T2
F_3125,T1C
F_3126,CC
F_3127,CC
F_3128,T1T1
F_3129,CC
F_313,T1C
F_3130,CT2
F_3131,T1T1
F_3132,T1T1
F_3133,T2C
F_3134,T2T2
F_3135,T1C
F_3136,CT2
F_3137,CT1
F_3138,T2T2
F_3139,T2C
F_314,T1T1
F_3140,T2T2
F_3141,CC
F_3142,CC
F_3143,T1T1
F_3144,CT1
F_3145,T2C
F_3146,CT1
F_3147,CC
F_3148,CC
F_3149,CT2
F_315,CC
F_3150,CT1
F_3151,T1C
F_3152,T2C
F_3153,T2T2
F_3154,T1C
F_3155,T1C
F_3156,T2T2
F_3157,T1T1
F_3158,T1T1
F_3159,T1T1
F_316,T1C
F_3160,CT2
F_3161,CC
F_3162,CT2
F_3163,CT1
F_3164,T1T1
F_3165,T1T1
F_3166,T2C
F_3167,T2T2
F_3168,T2C
F_3169,CC
F_317,CT1
F_3170,CC
F_3171,T1C
F_3172,T2T2
F_3173,T2C
F_3174,CT2
F_3175,T2T2
F_3176,CT2
F_3177,CC
F_3178,CT2
F_3179,T2T2
F_318,T1T1
F_3180,CT2
F_3181,T1T1
F_3182,CT1
F_3183,T1C
F_3184,T2C
F_3185,CC
F_3186,T2T2
F_3187,T1C
F_3188,T1C
F_3189,CC
F_319,CT1
F_3190,T1T1
F_3191,T1T1
F_3192,CT1
F_3193,CT1
F_3194,T1C
F_3195,CT1
F_3196,CT2
F_3197,T2C
F_3198,CC
F_3199,CC
F_32,CC
F_320,T2T2
F_3200,CT2
F_3201,T2C
F_3202,CT1
F_3203,T2T2
F_3204,CT1
F_3205,T2C
F_3206,T2T2
F_3207,T1T1
F_3208,T1C
F_3209,CC
F_321,T2C
F_3210,CT2
F_3211,CC
F_3212,CC
F_3213,T1C
F_3214,T2C
F_3215,T2T2
F_3216,T2T2
F_3217,T1T1
F_3218,T1T1
F_3219,T2T2
F_322,CC
F_3220,T1T1
F_3221,T1C
F_3222,T1T1
F_3223,CT2
F_3224,CT1
F_3225,CC
F_3226,T1C
F_3227,T2C
F_3228,T1C
F_3229,CC
F_323,CT2
F_3230,T2T2
F_3231,CT1
F_3232,T1C
F_3233,T1T1
F_3234,CT1
F_3235,T1T1
F_3236,T2T2
F_3237,T2C
F_3238,CC
F_3239,T1T1
F_324,T2C
F_3240,T1T1
F_3241,CC
F_3242,T2T2
F_3243,CT1
F_3244,T2T2
F_3245,T2T2
F_3246,CT2
F_3247,T1T1
F_3248,T2C
F_3249,T2C
F_325,CT2
F_3250,CT2
F_3251,T1C
F_3252,CT1
F_3253,CC
F_3254,CT2
F_3255,CT2
F_3256,CC
F_3257,CT2
F_3258,T2T2
F_3259,T1C
F_326,T2T2
F_3260,CT1
F_3261,T1T1
F_3262,CT2
F_3263,T1C
F_3264,T2C
F_3265,CT1
F_3266,T1T1
F_3267,T1C
F_3268,CT2
F_3269,CC
F_327,CC
F_3270,CC
F_3271,CT2
F_3272,T1T1
F_3273,CC
F_3274,T2C
F_3275,T1C
F_3276,T1T1
F_3277,T2T2
F_3278,CC
F_3279,T2T2
F_328,T2T2
F_3280,T1T1
F_3281,CT1
F_3282,T2C
F_3283,CT1
F_3284,T2T2
F_3285,T2T2
F_3286,T2C
F_3287,CT1
F_3288,T2C
F_3289,T1C
F_329,CT1
F_3290,T2T2
F_3291,T2C
F_3292,T2C
F_3293,CC
F_3294,CC
F_3295,CC
F_3296,T1C
F_3297,T2T2
F_3298,T2T2
F_3299,T2T2
F_33,CC
F_330,CC
F_3300,T1T1
F_3301,T1T1
F_3302,CT2
F_3303,CT2
F_3304,T1C
F_3305,T2T2
F_3306,CC
F_3307,CT2
F_3308,T1C
F_3309,T2C
F_331,CC
F_3310,T1T1
F_3311,CT1
F_3312,CT1
F_3313,CC
F_3314,CT2
F_3315,T1T1
F_3316,CT1
F_3317,T1T1
F_3318,T1C
F_3319,CT1
F_332,T2C
F_3320,T1T1
F_3321,T1C
F_3322,CT2
F_3323,T2T2
F_3324,T2T2
F_3325,T1T1
F_3326,CC
F_3327,CT2
F_3328,T1T1
F_3329,T1C
F_333,T2C
F_3330,T1T1
F_3331,T2C
F_3332,CT1
F_3333,T2T2
F_3334,T2C
F_3335,CT2
F_3336,T2C
F_3337,T2C
F_3338,T2T2
F_3339,CC
F_334,T2T2
F_3340,CT1
F_3341,T1T1
F_3342,T1C
F_3343,CT1
F_3344,T2T2
F_3345,CC
F_3346,CT2
F_3347,CC
F_3348,CC
F_3349,T2C
F_335,CT2
F_3350,T1C
F_3351,CT1
F_3352,CT2
F_3353,CT2
F_3354,T1C
F_3355,CT1
F_3356,CT1
F_3357,T1T1
F_3358,CC
F_3359,T2C
F_336,T1T1
F_3360,T2C
F_3361,T1C
F_3362,T1T1
F_3363,CC
F_3364,T2T2
F_3365,T2T2
F_3366,T1T1
F_3367,CC
F_3368,T2T2
F_3369,CT1
F_337,T1C
F_3370,T1T1
F_3371,CC
F_3372,CC
F_3373,T2T2
F_3374,T2T2
F_3375,T2C
F_3376,T1C
F_3377,CT2
F_3378,T1T1
F_3379,CT2
F_338,T1T1
F_3380,CT1
F_3381,CC
F_3382,CC
F_3383,T1T1
F_3384,CC
F_3385,CT1
F_3386,T2C
F_3387,T2C
F_3388,T2T2
F_3389,T2C
F_339,CT1
F_3390,CC
F_3391,T1T1
F_3392,T1T1
F_3393,T1T1
F_3394,CT1
F_3395,T2T2
F_3396,T1C
F_3397,T2T2
F_3398,T1C
F_3399,T1C
F_34,T1T1
F_340,CT2
F_3400,CT1
F_3401,CT2
F_3402,CT2
F_3403,CT2
F_3404,T1T1
F_3405,CC
F_3406,T2T2
F_3407,T2T2
F_3408,T1C
F_3409,CT2
F_341,T1C
F_3410,T2C
F_3411,T2C
F_3412,T1T1
F_3413,CC
F_3414,CT2
F_3415,T1C
F_3416,CC
F_3417,T1T1
F_3418,T2T2
F_3419,T2T2
F_342,T1C
F_3420,T2T2
F_3421,T1T1
F_3422,CT1
F_3423,CC
F_3424,T2C
F_3425,T1C
F_3426,T2C
F_3427,CT1
F_3428,T1C
F_3429,CT1
F_343,CC
F_3430,T1T1
F_3431,T1C
F_3432,CT2
F_3433,CT2
F_3434,T2C
F_3435,T2T2
F_3436,CC
F_3437,T1T1
F_3438,T2T2
F_3439,CC
F_344,T2C
F_3440,CT2
F_3441,CT1
F_3442,T2T2
F_3443,CT1
F_3444,CT2
F_3445,CC
F_3446,T2C
F_3447,T1T1
F_3448,T2C
F_3449,CC
F_345,CT1
F_3450,T1T1
F_3451,T1C
F_3452,CT2
F_3453,T2T2
F_3454,T1C
F_3455,CT1
F_3456,T1C
F_3457,CT2
F_3458,CC
F_3459,CT1
F_346,T1T1
F_3460,T2C
F_3461,T2T2
F_3462,CT1
F_3463,T1T1
F_3464,T1T1
F_3465,CC
F_3466,T1T1
F_3467,T2T2
F_3468,T2T2
F_3469,T1C
F_347,T1T1
F_3470,T2C
F_3471,CT2
F_3472,CC
F_3473,T1T1
F_3474,CC
F_3475,CT1
F_3476,T2C
F_3477,CT2
F_3478,T2T2
F_3479,CT2
F_348,T2T2
F_3480,T2T2
F_3481,T2C
F_3482,CT2
F_3483,CT1
F_3484,T1T1
F_3485,T1C
F_3486,CC
F_3487,T1C
F_3488,T2T2
F_3489,CT1
F_349,T1T1
F_3490,T2C
F_3491,T1T1
F_3492,T2C
F_3493,T1T1
F_3494,CT2
F_3495,CC
F_3496,T1T1
F_3497,T1C
F_3498,T1C
F_3499,T2T2
F_35,T2T2
F_3500,CC
F_3501,CC
F_3502,T2T2
F_3503,CT1
F_3504,T1T1
F_3505,T1C
F_3506,T1T1
F_3507,CT1
F_3508,CT1
F_3509,CC
F_351,CT2
F_3510,CC
F_3511,T2T2
F_3512,CC
F_3513,CC
F_3514,CT2
F_3515,T2T2
F_3516,CT2
F_3517,CC
F_3518,T2C
F_3519,CT1
F_352,T1C
F_3520,T2T2
F_3521,T1C
F_3522,T2T2
F_3523,T2T2
F_3524,T1T1
F_3525,T2C
F_3526,T1C
F_3527,T1C
F_3528,CT2
F_3529,CT2
F_353,CT1
F_3530,T2C
F_3531,T2C
F_3532,CT1
F_3533,T1T1
F_3534,T1T1
F_3535,CC
F_3536,T2C
F_3537,CC
F_3538,T2C
F_3539,CC
F_354,T2T2
F_3540,T1C
F_3541,CT2
F_3542,CC
F_3543,T2T2
F_3544,CT2
F_3545,CC
F_3546,T1C
F_3547,T2T2
F_3548,CC
F_3549,T1C
F_355,CT2
F_3550,CT1
F_3551,CT2
F_3552,T1C
F_3553,T1C
F_3554,T2T2
F_3555,CT1
F_3556,T1T1
F_3557,T2C
F_3558,T1T1
F_3559,T1T1
F_356,T1C
F_3560,T1T1
F_3561,T1T1
F_3562,T2T2
F_3563,T2T2
F_3564,CT1
F_3565,T1C
F_3566,CC
F_357,T1T1
F_358,T2T2
F_359,CC
F_36,T1C
F_360,CT2
F_361,T1C
F_362,T2C
F_363,T2C
F_364,T1T1
F_365,CC
F_366,CC
F_367,T2C
F_368,T2T2
F_369,T2T2
F_37,T2T2
F_370,CC
F_371,CT1
F_372,CC
F_373,T1C
F_374,CC
F_375,CC
F_376,T1T1
F_377,T1C
F_378,T2C
F_379,T1T1
F_38,CT1
F_380,T1T1
F_381,T1T1
F_382,T2C
F_383,CT1
F_384,T2C
F_385,T1T1
F_386,CT2
F_387,CC
F_388,T2T2
F_389,T1C
F_39,CC
F_390,T2C
F_391,CC
F_392,CT1
F_393,CT2
F_394,T2C
F_395,CT1
F_396,T2T2
F_398,CT2
F_399,T1C
F_4,CT2
F_40,CT1
F_400,CC
F_401,CC
F_402,T2T2
F_403,T2T2
F_404,CT1
F_405,T2C
F_406,T1T1
F_407,T2T2
F_408,CC
F_409,CC
F_41,CC
F_410,T2C
F_411,CT1
F_412,T1C
F_413,CT2
F_414,T2C
F_415,CC
F_416,T1T1
F_417,CT2
F_418,T1C
F_419,CC
F_42,CT2
F_420,T1C
F_421,CT2
F_422,T1C
F_423,T1T1
F_424,T2T2
F_425,T2T2
F_426,CC
F_427,T2T2
F_428,T2C
F_429,CT1
F_43,T1T1
F_430,T1T1
F_431,T2T2
F_432,CT1
F_433,CT2
F_434,T1T1
F_435,T1T1
F_436,T1C
F_437,CC
F_438,T2T2
F_439,T1C
F_44,T1T1
F_440,T1C
F_441,T2C
F_442,CT1
F_444,T1T1
F_445,T1T1
F_446,T2C
F_447,T2C
F_448,CT2
F_449,T2T2
F_45,T1C
F_450,CC
F_451,CC
F_452,T1C
F_453,T2T2
F_454,T1T1
F_455,T2T2
F_456,CT1
F_457,T2C
F_459,CC
F_46,CT1
F_460,CC
F_462,CT2
F_463,CT1
F_464,CT2
F_465,T1T1
F_466,T2C
F_467,T1T1
F_468,T2T2
F_469,T1C
F_47,T2T2
F_470,CT2
F_471,CT2
F_472,T1T1
F_473,T2C
F_474,CT2
F_475,CC
F_476,CC
F_477,CC
F_478,CC
F_479,T2C
F_48,T1T1
F_480,T1C
F_481,CT1
F_482,T2T2
F_483,T2T2
F_484,CT1
F_485,T1C
F_486,T2T2
F_487,T2T2
F_488,CT1
F_489,CT1
F_49,T2C
F_490,CC
F_491,CT2
F_492,T1T1
F_493,T1T1
F_494,T2C
F_495,T1C
F_496,T1T1
F_497,T2T2
F_498,T2C
F_499,T1C
F_5,CT2
F_50,CC
F_500,T2T2
F_501,T1C
F_502,T1T1
F_503,CC
F_504,CT1
F_505,T1C
F_506,CT1
F_507,CT2
F_508,T1C
F_509,T2T2
F_51,T2T2
F_510,T2T2
F_511,CC
F_512,T2C
F_513,T1T1
F_514,CC
F_515,T2C
F_516,CT1
F_517,CT2
F_518,CC
F_519,CC
F_52,CT2
F_520,CT2
F_521,T2T2
F_522,CT1
F_523,T1T1
F_524,CT2
F_525,T2C
F_526,T1T1
F_527,T1T1
F_528,T2T2
F_529,T1C
F_53,T2C
F_531,T1C
F_532,CT2
F_533,CC
F_534,CC
F_535,T2C
F_536,CC
F_537,CC
F_538,CC
F_539,T2T2
F_54,CT2
F_540,T1T1
F_541,T2C
F_542,T1T1
F_543,CC
F_544,CT1
F_545,T1T1
F_546,T1T1
F_547,CT1
F_548,T1C
F_549,CT1
F_55,T2T2
F_550,T2T2
F_551,T2C
F_552,T2C
F_553,T1T1
F_554,T2T2
F_555,CT1
F_556,CT2
F_557,CT2
F_558,T1C
F_559,T1T1
F_56,T1T1
F_560,CT2
F_561,CT1
F_562,T1C
F_563,CC
F_564,T2C
F_565,T2T2
F_567,CT2
F_568,CT1
F_569,T1T1
F_57,T2C
F_570,CC
F_571,CT2
F_572,CC
F_573,T2C
F_574,CC
F_575,CT1
F_576,T1T1
F_577,T1T1
F_578,T1T1
F_58,T1C
F_580,T2T2
F_581,CC
F_582,T1C
F_583,T2T2
F_584,T2T2
F_585,T2C
F_586,CC
F_587,T1C
F_588,T1C
F_589,T2C
F_59,T2C
F_590,CT2
F_591,CT1
F_592,CT1
F_593,T2T2
F_594,CC
F_595,T1C
F_596,CT2
F_597,T2C
F_598,CC
F_599,T1C
F_6,T1C
F_60,CT2
F_600,CC
F_601,T1T1
F_602,T1C
F_603,CC
F_604,T2C
F_605,T2T2
F_607,CT1
F_608,T1C
F_609,CT2
F_61,T1C
F_610,T2C
F_611,T1T1
F_612,T2T2
F_613,CT2
F_614,T2T2
F_615,CT1
F_616,T2C
F_617,T1T1
F_618,T1T1
F_619,T1T1
F_62,CT1
F_620,CC
F_621,CT2
F_622,CC
F_623,T2C
F_624,T1C
F_625,T2T2
F_626,CC
F_627,T1T1
F_628,CT1
F_629,CC
F_63,T2T2
F_630,CT2
F_631,T1C
F_632,T1T1
F_633,CT1
F_634,T2T2
F_635,T2T2
F_636,CC
F_637,T1T1
F_638,T2T2
F_639,CT1
F_64,CC
F_640,CT2
F_641,CT1
F_642,T2C
F_643,T2C
F_644,T2T2
F_645,T2C
F_646,T1T1
F_647,CC
F_648,CT2
F_649,T1C
F_65,CT1
F_650,T1T1
F_651,T1C
F_652,T1T1
F_653,T2T2
F_654,CC
F_655,CT2
F_656,T2T2
F_657,T2C
F_658,CC
F_659,T1T1
F_66,CT1
F_660,CT1
F_661,T1C
F_662,T1C
F_663,T1C
F_664,CT1
F_665,CT2
F_666,T1T1
F_667,T2T2
F_668,CT2
F_669,T2C
F_67,CT2
F_670,T2C
F_671,CT2
F_672,T2T2
F_673,T1C
F_674,CC
F_675,CT1
F_676,T1C
F_677,CT1
F_678,CC
F_679,T1T1
F_68,T2T2
F_680,T2C
F_681,CC
F_682,T1T1
F_683,CC
F_684,T1T1
F_685,T1C
F_686,T2T2
F_687,CC
F_688,T2C
F_689,T1T1
F_69,CC
F_690,T1T1
F_691,T1T1
F_692,T2C
F_693,T1C
F_694,CT2
F_695,T2T2
F_696,CT1
F_697,CT2
F_698,CT2
F_699,CT1
F_7,T1C
F_70,CT2
F_700,T1C
F_701,T2C
F_702,T1T1
F_703,T2T2
F_704,T2T2
F_705,CT1
F_706,CT1
F_707,CC
F_708,CT2
F_709,CC
F_71,CT2
F_710,CC
F_711,T1C
F_712,T2T2
F_713,T2C
F_714,CC
F_715,CC
F_716,CT2
F_717,T1C
F_718,T2T2
F_719,T1C
F_72,CC
F_720,CC
F_721,T2T2
F_722,T2T2
F_723,CC
F_724,T2T2
F_725,T2C
F_726,T1C
F_727,T2C
F_728,CT1
F_729,CT1
F_73,T2T2
F_730,T2C
F_731,CC
F_732,CT2
F_733,T1C
F_734,T1T1
F_735,T1T1
F_736,T1T1
F_737,T1T1
F_738,CT2
F_739,CT2
F_74,T1T1
F_740,T1T1
F_741,T2T2
F_742,T2C
F_743,CT1
F_744,CT1
F_745,T2C
F_746,CC
F_747,T1T1
F_748,T2T2
F_749,T2C
F_75,T1T1
F_750,T2T2
F_751,CT2
F_752,T1C
F_753,T1T1
F_754,T2T2
F_755,T1C
F_756,CT1
F_757,CT1
F_758,CT2
F_759,T2C
F_76,T1C
F_760,CC
F_761,CT2
F_762,CC
F_763,CT2
F_764,CC
F_765,T1T1
F_766,T1C
F_767,T2T2
F_768,CT1
F_769,CC
F_77,T1T1
F_770,CT1
F_771,T1T1
F_772,T1C
F_773,T1T1
F_774,T2T2
F_775,T2C
F_776,CT2
F_777,CT2
F_778,T2T2
F_779,CT1
F_78,T2C
F_780,T2T2
F_781,T2C
F_782,T1C
F_783,T2C
F_784,CT2
F_785,T1C
F_786,T2T2
F_787,T2C
F_788,T1C
F_789,CT2
F_790,CC
F_791,T1T1
F_792,CC
F_793,T1T1
F_794,T1T1
F_795,CT1
F_797,CC
F_798,T1T1
F_799,T1T1
F_8,CC
F_80,CC
F_800,T2C
F_801,T1C
F_802,CC
F_803,CT1
F_804,T2T2
F_805,CT1
F_806,CC
F_807,T2T2
F_808,T2C
F_809,T1C
F_81,T1C
F_810,CT2
F_811,CT2
F_812,T2T2
F_813,CC
F_814,T2C
F_815,T2T2
F_816,CT2
F_817,CT1
F_818,T2T2
F_819,CC
F_82,T1T1
F_820,T1T1
F_821,T1T1
F_822,CT1
F_823,CC
F_824,T2C
F_825,T1T1
F_826,CT1
F_827,CT2
F_828,CC
F_829,T1C
F_83,T2C
F_830,T1C
F_831,T2T2
F_832,T1T1
F_833,T1C
F_834,CT1
F_835,T1T1
F_836,CC
F_837,T2C
F_838,CC
F_839,CT2
F_84,T2C
F_840,T1C
F_841,T2C
F_842,T1C
F_843,T1C
F_844,T2T2
F_845,T2T2
F_846,CC
F_847,T2C
F_848,T1T1
F_849,T2C
F_85,T1C
F_850,T2T2
F_851,CT2
F_852,T1T1
F_853,T1T1
F_854,CT1
F_855,CT2
F_856,T1T1
F_857,CC
F_858,CT1
F_859,T1T1
F_86,T2T2
F_860,CC
F_861,CT1
F_862,T2T2
F_863,CT1
F_864,T2T2
F_865,T2C
F_866,T1C
F_867,CC
F_868,CT2
F_869,CT1
F_870,CT2
F_871,CC
F_872,T2C
F_873,T2T2
F_874,CT1
F_875,CC
F_876,CT2
F_877,CT2
F_878,T2T2
F_879,T1T1
F_88,CC
F_880,CC
F_881,T1T1
F_882,T1T1
F_884,T2T2
F_885,CC
F_886,T2T2
F_887,T1C
F_888,T2C
F_889,T2C
F_89,T2C
F_890,T1T1
F_891,CT1
F_892,T1C
F_893,T2T2
F_894,T1C
F_895,CC
F_896,T2C
F_897,CT2
F_898,T1C
F_899,T1T1
F_9,T2T2
F_90,T1C
F_900,T1T1
F_901,CT1
F_902,T1T1
F_903,CT2
F_904,T1T1
F_905,T1C
F_906,T2C
F_907,CT2
F_908,CC
F_909,CT2
F_91,CT1
F_910,T2C
F_911,CC
F_912,T1T1
F_913,CT1
F_914,CT1
F_915,T2C
F_916,T2T2
F_917,CT1
F_918,T2T2
F_919,T1C
F_92,CT1
F_920,T1C
F_921,T2T2
F_922,CC
F_923,CC
F_924,T1T1
F_925,T2T2
F_926,T2C
F_927,CC
F_928,CT2
F_929,T2T2
F_93,CT2
F_930,T1C
F_931,CT1
F_932,CT2
F_933,CT1
F_934,CT1
F_935,T2T2
F_936,CC
F_937,T1T1
F_939,T1T1
F_94,T1T1
F_940,T2T2
F_941,T2T2
F_942,T1T1
F_943,CC
F_944,T1C
F_945,T2C
F_946,T1T1
F_947,T2C
F_948,T1C
F_949,T1C
F_95,CC
F_950,T2C
F_951,CC
F_952,T1C
F_953,T2C
F_954,CC
F_955,T1T1
F_956,CT2
F_957,CT2
F_958,CC
F_959,CC
F_96,T1C
F_960,T2T2
F_961,T2T2
F_962,CT2
F_963,CT1
F_964,T2C
F_965,T1C
F_966,T1T1
F_967,T1C
F_968,T2C
F_969,CT1
F_97,T1C
F_970,CC
F_971,T2C
F_972,T1T1
F_973,T2C
F_974,CT2
F_975,T1C
F_976,T2T2
F_977,CT2
F_978,T2T2
F_979,T1C
F_98,CT1
F_981,CC
F_982,CC
F_983,CT1
F_985,T1T1
F_986,CC
F_987,CT1
F_988,T2T2
F_989,CT2
F_990,CC
F_991,T1T1
F_992,T2T2
F_993,T1T1
F_994,CT2
F_995,CC
F_996,T2C
F_997,T2C
F_998,T2C
F_999,T1C
